vehicle_id,timestamp,latitude,longitude,speed,battery_level,odometer,engine_hours,fuel_level,location_address,trip_status,rental_id
4,2025-08-01 7:04:00,-6.199359,106.823826,0,91.6,51000,2950.5,94,Grand Indonesia JAKARTA,PARKED,1209
2,2025-08-01 7:20:00,-6.88161,107.582313,0,87.2,25060,1852.2,82,Paris Van Java BANDUNG,PARKED,1208
11,2025-08-01 7:41:00,-6.243176,106.795133,0,92.6,89034,4503.3,75,Kebayoran Baru JAKARTA,PARKED,1205
8,2025-08-01 7:50:00,-6.200579,106.819058,57,96.7,32012,1900.5,98,Grand Indonesia JAKARTA,MOVING,1210
11,2025-08-01 8:43:00,-6.223868,106.813702,0,92.4,89034,4503.5,73,Pacific Place JAKARTA,PARKED,1205
14,2025-08-01 9:25:00,-7.28623,112.736053,0,91.1,29052,1602.9,73,BG Junction SURABAYA,PARKED,1206
8,2025-08-01 9:48:00,-6.225282,106.799082,0,96.6,32012,1900.8,96,Plaza Senayan JAKARTA,PARKED,1210
2,2025-08-01 12:23:00,-6.89938,107.591485,72,86.8,25073,1852.6,78,JL Pasteur BANDUNG,MOVING,1208
14,2025-08-01 14:47:00,-7.25683,112.747613,0,90.9,29052,1603.1,72,JL Tunjungan SURABAYA,PARKED,1206
4,2025-08-01 16:07:00,-6.19392,106.819707,79,91.3,51013,2950.7,91,Setiabudi JAKARTA,MOVING,1209
2,2025-08-01 16:54:00,-6.901944,107.595678,0,86.6,25073,1852.9,76,JL Pasteur BANDUNG,PARKED,1208
4,2025-08-01 17:02:00,-7.291902,112.730214,53,91,51021,2951,87,TP Surabaya SURABAYA,MOVING,1209
2,2025-08-01 17:03:00,-6.9647,107.641989,0,86.4,25073,1853,74,Bandung Indah Plaza BANDUNG,PARKED,1208
15,2025-08-01 17:48:00,-6.229852,106.821279,0,94.9,12058,802.7,77,Kuningan City JAKARTA,PARKED,1207
15,2025-08-01 18:04:00,-6.194172,106.826132,63,94.7,12065,803.2,73,Setiabudi JAKARTA,MOVING,1207
4,2025-08-01 19:10:00,-7.293624,112.733842,0,90.9,51021,2951.3,86,TP Surabaya SURABAYA,PARKED,1209
8,2025-08-01 20:41:00,-6.231538,106.823973,58,96.2,32024,1901.1,93,Kuningan City JAKARTA,MOVING,1210
14,2025-08-02 7:49:00,-7.257402,112.750202,77,90.6,29058,1603.6,69,Surabaya Plaza SURABAYA,MOVING,1206
8,2025-08-02 7:56:00,-6.193004,106.827432,40,95.9,32036,1901.5,91,Setiabudi JAKARTA,MOVING,1210
2,2025-08-02 8:47:00,-6.967062,107.637395,52,86.1,25082,1853.5,70,Bandung Indah Plaza BANDUNG,MOVING,1208
11,2025-08-02 10:03:00,-7.28456,112.739077,75,97.6,89012,4500.6,96,BG Junction SURABAYA,MOVING,1211
11,2025-08-02 10:21:00,-6.197389,106.821118,0,97.9,89000,4500.2,98,Setiabudi JAKARTA,PARKED,1211
15,2025-08-02 10:51:00,-6.192416,106.81934,0,94.6,12065,803.4,72,Grand Indonesia JAKARTA,PARKED,1207
8,2025-08-02 11:02:00,-6.22892,106.802647,80,95.5,32042,1901.9,88,Plaza Senayan JAKARTA,MOVING,1210
11,2025-08-02 11:09:00,-7.262086,112.752772,53,97.2,89020,4501.1,91,JL Tunjungan SURABAYA,MOVING,1211
14,2025-08-02 12:03:00,-7.2828,112.755302,0,90.4,29058,1603.7,67,JL Darmo SURABAYA,PARKED,1206
2,2025-08-02 13:32:00,-6.886346,107.605175,0,86,25082,1853.7,69,Cihampelas Walk BANDUNG,PARKED,1208
8,2025-08-02 13:50:00,-6.213551,106.840871,55,95.1,32051,1902.4,86,JL Sudirman JAKARTA,MOVING,1210
2,2025-08-02 14:10:00,-6.962539,107.638125,77,85.7,25093,1854.1,67,Bandung Indah Plaza BANDUNG,MOVING,1208
11,2025-08-02 15:44:00,-7.288294,112.749782,59,96.9,89028,4501.6,86,JL Darmo SURABAYA,MOVING,1211
4,2025-08-02 16:29:00,-7.293458,112.738416,77,90.5,51032,2951.6,82,Pakuwon Mall SURABAYA,MOVING,1209
15,2025-08-02 17:09:00,-6.22863,106.807173,0,94.5,12065,803.7,70,Pacific Place JAKARTA,PARKED,1207
4,2025-08-02 19:09:00,-7.292337,112.736396,59,90.2,51041,2951.8,78,TP Surabaya SURABAYA,MOVING,1209
4,2025-08-02 20:50:00,-7.258705,112.749297,0,90.1,51041,2952.1,77,JL Tunjungan SURABAYA,PARKED,1209
15,2025-08-03 7:11:00,-6.227717,106.811622,48,94.3,12071,804.1,65,Pacific Place JAKARTA,MOVING,1207
11,2025-08-03 7:12:00,-7.251577,112.756478,70,96.6,89036,4502,81,Pasar Atom SURABAYA,MOVING,1211
2,2025-08-03 7:23:00,-6.903607,107.590637,0,85.6,25093,1854.2,66,JL Pasteur BANDUNG,PARKED,1208
4,2025-08-03 7:26:00,-7.291901,112.734579,0,90,51041,2952.3,75,BG Junction SURABAYA,PARKED,1209
14,2025-08-03 8:29:00,-6.18958,106.827543,0,88.8,29000,1600.2,99,Plaza Indonesia JAKARTA,PARKED,1212
8,2025-08-03 11:03:00,-6.223725,106.801028,0,95,32051,1902.6,84,Plaza Senayan JAKARTA,PARKED,1210
11,2025-08-03 14:12:00,-7.290669,112.739074,0,96.5,89036,4502.2,79,TP Surabaya SURABAYA,PARKED,1211
14,2025-08-03 15:35:00,-6.22588,106.822043,0,88.7,29000,1600.4,97,Kuningan City JAKARTA,PARKED,1212
2,2025-08-03 16:02:00,-6.907397,107.614107,0,85.5,25093,1854.4,65,Gedung Sate BANDUNG,PARKED,1208
8,2025-08-03 17:26:00,-6.241653,106.803474,61,94.8,32058,1903.1,80,Kebayoran Baru JAKARTA,MOVING,1210
14,2025-08-03 17:45:00,-6.197381,106.826738,0,88.5,29000,1600.7,95,Plaza Indonesia JAKARTA,PARKED,1212
15,2025-08-03 17:45:00,-6.189026,106.823464,0,94.1,12071,804.3,63,Plaza Indonesia JAKARTA,PARKED,1207
11,2025-08-03 18:15:00,-7.289353,112.74989,0,96.3,89036,4502.4,78,JL Darmo SURABAYA,PARKED,1211
2,2025-08-03 19:50:00,-6.891309,107.605163,0,85.3,25093,1854.7,63,Cihampelas Walk BANDUNG,PARKED,1208
4,2025-08-03 19:51:00,-7.29192,112.732978,0,89.8,51041,2952.5,74,TP Surabaya SURABAYA,PARKED,1209
11,2025-08-03 20:10:00,-7.287965,112.735923,0,96.2,89036,4502.6,76,BG Junction SURABAYA,PARKED,1211
4,2025-08-03 20:54:00,-7.292805,112.729575,53,89.6,51047,2953,70,BG Junction SURABAYA,MOVING,1209
14,2025-08-04 7:45:00,-6.199932,106.820405,0,88.3,29000,1600.8,94,Grand Indonesia JAKARTA,PARKED,1212
15,2025-08-04 10:01:00,-6.189528,106.822467,0,84.9,12000,800.1,98,Plaza Indonesia JAKARTA,PARKED,1213
15,2025-08-04 10:12:00,-6.212543,106.847786,0,84.7,12000,800.2,97,JL Sudirman JAKARTA,PARKED,1213
4,2025-08-04 10:57:00,-7.258028,112.756667,0,89.5,51047,2953.3,68,Surabaya Plaza SURABAYA,PARKED,1209
4,2025-08-04 11:10:00,-7.29297,112.729759,58,89.2,51061,2953.7,65,BG Junction SURABAYA,MOVING,1209
11,2025-08-04 11:23:00,-7.255998,112.749927,0,96,89036,4502.7,75,Surabaya Plaza SURABAYA,PARKED,1211
11,2025-08-04 12:22:00,-7.267463,112.739934,0,95.9,89036,4503,73,Grand City SURABAYA,PARKED,1211
2,2025-08-04 13:05:00,-6.882277,107.57791,57,84.9,25107,1855.1,60,Paris Van Java BANDUNG,MOVING,1208
14,2025-08-04 13:17:00,-6.227669,106.796769,72,88,29008,1601.3,91,Plaza Senayan JAKARTA,MOVING,1212
15,2025-08-04 13:28:00,-6.209463,106.847807,0,84.6,12000,800.4,96,JL Sudirman JAKARTA,PARKED,1213
15,2025-08-04 15:31:00,-6.213649,106.842095,49,84.3,12015,800.7,91,JL Sudirman JAKARTA,MOVING,1213
11,2025-08-04 15:49:00,-7.260673,112.753159,0,95.7,89036,4503.1,72,JL Tunjungan SURABAYA,PARKED,1211
11,2025-08-04 17:02:00,-7.294019,112.733952,60,95.3,89046,4503.4,67,Pakuwon Mall SURABAYA,MOVING,1211
14,2025-08-04 19:09:00,-6.244677,106.796938,58,87.8,29018,1601.7,86,Kebayoran Baru JAKARTA,MOVING,1212
2,2025-08-04 20:28:00,-6.92149,107.60801,71,84.7,25112,1855.5,57,JL Asia Afrika BANDUNG,MOVING,1208
15,2025-08-05 7:25:00,-6.223097,106.821328,0,84.1,12015,800.9,90,Kuningan City JAKARTA,PARKED,1213
11,2025-08-05 7:49:00,-7.268632,112.738839,0,95.2,89046,4503.6,66,Grand City SURABAYA,PARKED,1211
11,2025-08-05 9:04:00,-7.286602,112.751217,80,94.9,89052,4504.1,62,JL Darmo SURABAYA,MOVING,1211
2,2025-08-05 9:39:00,-6.190577,106.823912,69,92.8,25005,1850.4,97,Plaza Indonesia JAKARTA,MOVING,1214
14,2025-08-05 10:41:00,-6.213111,106.850408,0,87.7,29018,1601.9,85,JL Sudirman JAKARTA,PARKED,1212
15,2025-08-05 12:17:00,-6.222711,106.80325,0,83.9,12015,801.1,88,Plaza Senayan JAKARTA,PARKED,1213
11,2025-08-05 14:21:00,-6.195737,106.82209,74,94.5,89060,4504.5,57,Setiabudi JAKARTA,MOVING,1211
14,2025-08-05 16:08:00,-6.212817,106.847357,0,87.5,29018,1602.1,83,JL Sudirman JAKARTA,PARKED,1212
4,2025-08-05 16:12:00,-7.283879,112.748258,0,89,51061,2953.9,63,JL Darmo SURABAYA,PARKED,1209
2,2025-08-05 17:49:00,-6.192036,106.821473,0,92.6,25005,1850.5,96,Setiabudi JAKARTA,PARKED,1214
4,2025-08-05 18:24:00,-7.291364,112.739712,41,88.8,51069,2954.2,61,Pakuwon Mall SURABAYA,MOVING,1209
11,2025-08-05 19:06:00,-6.19199,106.823443,0,94.3,89060,4504.8,55,Grand Indonesia JAKARTA,PARKED,1211
14,2025-08-06 8:52:00,-6.197598,106.823469,0,87.4,29018,1602.3,81,Setiabudi JAKARTA,PARKED,1212
4,2025-08-06 11:00:00,-6.204035,106.844455,0,89.9,51000,2950.2,98,JL Sudirman JAKARTA,PARKED,1215
11,2025-08-06 11:04:00,-6.222794,106.808758,0,94.2,89060,4505.1,53,Pacific Place JAKARTA,PARKED,1211
2,2025-08-06 11:04:00,-6.196774,106.819427,68,92,25025,1851.3,87,Setiabudi JAKARTA,MOVING,1214
2,2025-08-06 11:27:00,-6.229997,106.799059,50,92.3,25020,1851,92,Plaza Senayan JAKARTA,MOVING,1214
11,2025-08-06 12:09:00,-6.243064,106.800708,0,94.1,89060,4505.2,52,Kebayoran Baru JAKARTA,PARKED,1211
4,2025-08-06 12:35:00,-6.192301,106.824454,73,89.7,51015,2950.5,96,Setiabudi JAKARTA,MOVING,1215
14,2025-08-06 12:51:00,-6.208302,106.84674,0,87.2,29018,1602.5,79,JL Sudirman JAKARTA,PARKED,1212
11,2025-08-06 13:22:00,-6.224634,106.828638,69,93.7,89075,4505.7,48,Kuningan City JAKARTA,MOVING,1211
15,2025-08-06 15:16:00,-6.193603,106.823481,0,83.8,12015,801.3,87,Grand Indonesia JAKARTA,PARKED,1213
11,2025-08-06 15:25:00,-6.246607,106.795673,0,93.6,89075,4505.9,46,Kebayoran Baru JAKARTA,PARKED,1211
14,2025-08-06 16:22:00,-6.211314,106.847632,59,86.9,29031,1602.9,74,JL Sudirman JAKARTA,MOVING,1212
2,2025-08-06 19:29:00,-6.222935,106.799021,0,91.9,25025,1851.6,86,Plaza Senayan JAKARTA,PARKED,1214
15,2025-08-06 20:47:00,-6.225087,106.804678,0,83.7,12015,801.4,85,Pacific Place JAKARTA,PARKED,1213
4,2025-08-07 8:26:00,-6.227774,106.800736,0,89.5,51015,2950.7,94,Plaza Senayan JAKARTA,PARKED,1215
2,2025-08-07 9:02:00,-6.242048,106.796547,71,91.6,25039,1852,81,Kebayoran Baru JAKARTA,MOVING,1214
14,2025-08-07 9:09:00,-6.20832,106.845632,0,86.8,29031,1603.2,72,JL Sudirman JAKARTA,PARKED,1212
7,2025-08-07 9:58:00,-6.966896,107.636169,40,87.7,38014,2200.4,95,Bandung Indah Plaza BANDUNG,MOVING,1216
14,2025-08-07 10:25:00,-6.195306,106.818965,56,86.5,29039,1603.7,69,Plaza Indonesia JAKARTA,MOVING,1212
11,2025-08-07 12:29:00,-6.229142,106.805954,67,93.2,89082,4506.3,42,Pacific Place JAKARTA,MOVING,1211
14,2025-08-07 13:22:00,-6.188981,106.822385,0,86.4,29039,1603.8,67,Setiabudi JAKARTA,PARKED,1212
2,2025-08-07 13:39:00,-6.226201,106.79763,0,91.4,25039,1852.1,79,Plaza Senayan JAKARTA,PARKED,1214
4,2025-08-07 14:30:00,-6.227188,106.827374,0,89.4,51015,2950.9,93,Kuningan City JAKARTA,PARKED,1215
15,2025-08-07 14:31:00,-6.195043,106.819342,0,83.5,12015,801.6,83,Setiabudi JAKARTA,PARKED,1213
11,2025-08-07 15:52:00,-6.193991,106.825738,0,93.1,89082,4506.5,40,Grand Indonesia JAKARTA,PARKED,1211
15,2025-08-07 16:15:00,-6.20825,106.845971,0,83.4,12015,801.9,81,JL Sudirman JAKARTA,PARKED,1213
7,2025-08-07 16:47:00,-6.922352,107.639745,0,87.5,38014,2200.8,92,Trans Studio Mall BANDUNG,PARKED,1216
7,2025-08-07 16:51:00,-6.902709,107.590475,0,87.6,38014,2200.6,93,JL Pasteur BANDUNG,PARKED,1216
2,2025-08-07 17:02:00,-6.192609,106.819386,0,91.1,25039,1852.7,76,Grand Indonesia JAKARTA,PARKED,1214
14,2025-08-07 17:38:00,-6.22848,106.827224,41,86.1,29044,1604.1,64,Kuningan City JAKARTA,MOVING,1212
2,2025-08-07 17:41:00,-6.222259,106.810424,0,91.2,25039,1852.4,78,Pacific Place JAKARTA,PARKED,1214
11,2025-08-07 18:27:00,-6.222594,106.820971,45,92.9,89091,4507,38,Kuningan City JAKARTA,MOVING,1211
4,2025-08-07 19:44:00,-6.208501,106.850462,61,89,51026,2951.3,90,JL Sudirman JAKARTA,MOVING,1215
7,2025-08-07 20:19:00,-6.904742,107.613645,0,87.4,38014,2201.1,91,Gedung Sate BANDUNG,PARKED,1216
15,2025-08-07 20:37:00,-6.240556,106.804244,78,83.2,12028,802.3,79,Kebayoran Baru JAKARTA,MOVING,1213
4,2025-08-08 8:28:00,-6.19571,106.82537,57,88.8,51032,2951.8,85,Setiabudi JAKARTA,MOVING,1215
7,2025-08-08 8:45:00,-6.970945,107.638281,0,87.2,38014,2201.3,90,Bandung Indah Plaza BANDUNG,PARKED,1216
4,2025-08-08 9:34:00,-6.19776,106.826999,69,88.5,51039,2952.1,83,Setiabudi JAKARTA,MOVING,1215
9,2025-08-08 14:02:00,-6.203836,106.844102,42,90.7,71015,4000.3,97,JL Sudirman JAKARTA,MOVING,1217
14,2025-08-08 14:07:00,-6.198789,106.826666,0,85.7,29051,1604.7,60,Grand Indonesia JAKARTA,PARKED,1212
14,2025-08-08 14:22:00,-6.224155,106.810095,78,85.9,29051,1604.5,61,Pacific Place JAKARTA,MOVING,1212
2,2025-08-08 14:22:00,-6.200597,106.822448,0,91,25039,1853,74,Grand Indonesia JAKARTA,PARKED,1214
2,2025-08-08 15:14:00,-6.22347,106.824285,0,90.9,25039,1853.2,72,Kuningan City JAKARTA,PARKED,1214
7,2025-08-08 15:47:00,-6.96511,107.640981,0,87,38014,2201.4,88,Bandung Indah Plaza BANDUNG,PARKED,1216
4,2025-08-08 15:58:00,-6.194792,106.819132,56,88.3,51044,2952.4,78,Grand Indonesia JAKARTA,MOVING,1215
9,2025-08-08 16:35:00,-6.211122,106.848392,51,90.3,71026,4000.5,95,JL Sudirman JAKARTA,MOVING,1217
15,2025-08-08 17:36:00,-6.198191,106.818467,0,83.1,12028,802.6,77,Plaza Indonesia JAKARTA,PARKED,1213
2,2025-08-08 18:22:00,-6.189356,106.820673,0,90.8,25039,1853.4,70,Plaza Indonesia JAKARTA,PARKED,1214
2,2025-08-08 19:09:00,-6.213478,106.841109,47,90.4,25046,1853.7,65,JL Sudirman JAKARTA,MOVING,1214
14,2025-08-08 19:14:00,-6.197309,106.820943,0,85.6,29051,1604.9,59,Plaza Indonesia JAKARTA,PARKED,1212
15,2025-08-08 19:26:00,-6.191525,106.825117,0,83,12028,802.9,75,Grand Indonesia JAKARTA,PARKED,1213
9,2025-08-08 20:16:00,-6.228584,106.801727,50,90,71041,4000.9,92,Plaza Senayan JAKARTA,MOVING,1217
7,2025-08-08 20:20:00,-6.920167,107.610964,0,86.8,38014,2201.7,86,JL Asia Afrika BANDUNG,PARKED,1216
2,2025-08-09 10:41:00,-6.241546,106.802453,0,90.2,25046,1853.9,63,Kebayoran Baru JAKARTA,PARKED,1214
7,2025-08-09 11:21:00,-6.913176,107.610244,0,86.7,38014,2201.8,84,Braga Street BANDUNG,PARKED,1216
7,2025-08-09 11:50:00,-6.925502,107.634131,0,86.5,38014,2202.1,83,Trans Studio Mall BANDUNG,PARKED,1216
15,2025-08-09 11:53:00,-6.190745,106.825126,44,82.7,12043,803.2,71,Setiabudi JAKARTA,MOVING,1213
15,2025-08-09 12:45:00,-6.196404,106.823754,0,82.6,12043,803.4,69,Setiabudi JAKARTA,PARKED,1213
9,2025-08-09 12:52:00,-6.205046,106.847512,63,89.6,71051,4001.2,89,JL Sudirman JAKARTA,MOVING,1217
9,2025-08-09 13:37:00,-6.226875,106.809531,0,89.4,71051,4001.3,87,Pacific Place JAKARTA,PARKED,1217
10,2025-08-09 14:29:00,-6.245675,106.795335,78,91.7,48014,2650.4,96,Kebayoran Baru JAKARTA,MOVING,1218
4,2025-08-09 14:48:00,-6.224504,106.801672,0,88.1,51044,2952.6,76,Plaza Senayan JAKARTA,PARKED,1215
10,2025-08-09 15:18:00,-6.248049,106.801679,0,91.6,48014,2650.6,94,Kebayoran Baru JAKARTA,PARKED,1218
4,2025-08-09 16:01:00,-6.222838,106.796589,62,87.5,51064,2953.3,69,Plaza Senayan JAKARTA,MOVING,1215
7,2025-08-09 16:20:00,-6.903003,107.587862,74,86.2,38019,2202.4,81,JL Pasteur BANDUNG,MOVING,1216
2,2025-08-09 16:23:00,-6.224763,106.796423,49,89.9,25053,1854.2,59,Plaza Senayan JAKARTA,MOVING,1214
4,2025-08-09 16:38:00,-6.197688,106.820974,67,87.8,51054,2953,72,Grand Indonesia JAKARTA,MOVING,1215
15,2025-08-09 16:38:00,-6.245678,106.796911,0,82.5,12043,803.6,67,Kebayoran Baru JAKARTA,PARKED,1213
9,2025-08-09 17:03:00,-6.227281,106.820848,0,89.2,71051,4001.4,86,Kuningan City JAKARTA,PARKED,1217
7,2025-08-09 17:25:00,-6.891193,107.60925,70,85.8,38031,2202.9,78,Cihampelas Walk BANDUNG,MOVING,1216
9,2025-08-09 20:08:00,-6.225592,106.799368,0,89.1,71051,4001.5,84,Plaza Senayan JAKARTA,PARKED,1217
10,2025-08-09 20:45:00,-6.22267,106.799359,0,91.5,48014,2650.9,93,Plaza Senayan JAKARTA,PARKED,1218
10,2025-08-10 7:08:00,-6.232383,106.826055,42,91.3,48029,2651.2,88,Kuningan City JAKARTA,MOVING,1218
7,2025-08-10 7:18:00,-6.229424,106.799299,50,85.6,38041,2203.4,74,Plaza Senayan JAKARTA,MOVING,1216
9,2025-08-10 7:38:00,-6.211829,106.850358,0,88.9,71051,4001.7,82,JL Sudirman JAKARTA,PARKED,1217
4,2025-08-10 8:28:00,-6.195866,106.822289,0,87.4,51064,2953.5,68,Grand Indonesia JAKARTA,PARKED,1215
10,2025-08-10 8:49:00,-6.211364,106.846186,0,91.1,48029,2651.4,86,JL Sudirman JAKARTA,PARKED,1218
4,2025-08-10 10:01:00,-6.193051,106.823492,0,87.2,51064,2953.7,67,Plaza Indonesia JAKARTA,PARKED,1215
7,2025-08-10 11:47:00,-6.225191,106.807669,0,85.4,38041,2203.6,73,Pacific Place JAKARTA,PARKED,1216
7,2025-08-10 12:21:00,-6.195945,106.827548,0,85.3,38041,2203.8,71,Plaza Indonesia JAKARTA,PARKED,1216
2,2025-08-10 12:56:00,-6.225682,106.824936,62,89.6,25065,1854.4,57,Kuningan City JAKARTA,MOVING,1214
9,2025-08-10 12:58:00,-6.242077,106.801922,0,88.8,71051,4002,80,Kebayoran Baru JAKARTA,PARKED,1217
12,2025-08-10 13:31:00,-6.241955,106.80017,0,95.8,31000,1750.2,99,Kebayoran Baru JAKARTA,PARKED,1219
2,2025-08-10 13:38:00,-6.196255,106.824726,45,89.4,25073,1854.7,55,Setiabudi JAKARTA,MOVING,1214
2,2025-08-10 16:21:00,-6.230416,106.795834,68,89.2,25088,1855.2,52,Plaza Senayan JAKARTA,MOVING,1214
10,2025-08-10 16:37:00,-6.191679,106.819125,0,91,48029,2651.5,84,Setiabudi JAKARTA,PARKED,1218
4,2025-08-10 16:39:00,-6.225221,106.798744,0,87,51064,2953.9,66,Plaza Senayan JAKARTA,PARKED,1215
12,2025-08-10 17:16:00,-6.23178,106.830119,68,95.4,31009,1750.4,97,Kuningan City JAKARTA,MOVING,1219
12,2025-08-10 18:38:00,-6.199279,106.818697,0,95.2,31009,1750.6,96,Grand Indonesia JAKARTA,PARKED,1219
9,2025-08-10 19:21:00,-6.243337,106.79655,0,88.7,71051,4002.3,78,Kebayoran Baru JAKARTA,PARKED,1217
9,2025-08-10 19:24:00,-6.249171,106.802841,0,88.6,71051,4002.5,76,Kebayoran Baru JAKARTA,PARKED,1217
10,2025-08-10 20:39:00,-6.197949,106.825535,56,90.7,48038,2651.9,80,Grand Indonesia JAKARTA,MOVING,1218
4,2025-08-11 7:12:00,-6.231053,106.824768,49,86.7,51078,2954.1,61,Kuningan City JAKARTA,MOVING,1215
4,2025-08-11 7:34:00,-6.229218,106.796382,76,86.4,51084,2954.6,59,Plaza Senayan JAKARTA,MOVING,1215
7,2025-08-11 9:41:00,-6.197382,106.820971,0,85.2,38041,2204,69,Setiabudi JAKARTA,PARKED,1216
9,2025-08-11 9:43:00,-6.226189,106.829882,0,88.4,71051,4002.7,74,Kuningan City JAKARTA,PARKED,1217
12,2025-08-11 12:02:00,-6.226997,106.813516,0,95.1,31009,1750.8,95,Pacific Place JAKARTA,PARKED,1219
13,2025-08-11 12:58:00,-6.224103,106.810431,0,85.8,57000,3200.3,99,Pacific Place JAKARTA,PARKED,1220
7,2025-08-11 13:14:00,-6.22397,106.821189,0,85,38041,2204.2,68,Kuningan City JAKARTA,PARKED,1216
9,2025-08-11 13:51:00,-6.227604,106.804058,0,88.2,71051,4002.8,72,Plaza Senayan JAKARTA,PARKED,1217
7,2025-08-11 14:32:00,-6.211444,106.840905,0,84.7,38041,2204.8,65,JL Sudirman JAKARTA,PARKED,1216
7,2025-08-11 14:45:00,-6.197126,106.827228,0,84.9,38041,2204.5,66,Plaza Indonesia JAKARTA,PARKED,1216
10,2025-08-11 15:24:00,-6.229445,106.822467,77,90.5,48053,2652.3,76,Kuningan City JAKARTA,MOVING,1218
12,2025-08-11 16:08:00,-6.211437,106.849666,0,95,31009,1751,93,JL Sudirman JAKARTA,PARKED,1219
9,2025-08-11 16:14:00,-6.19633,106.819127,70,88,71065,4003.2,68,Grand Indonesia JAKARTA,MOVING,1217
10,2025-08-11 17:45:00,-6.228797,106.802475,0,90.3,48053,2652.5,75,Plaza Senayan JAKARTA,PARKED,1218
12,2025-08-11 17:57:00,-6.221054,106.81103,69,94.7,31024,1751.3,91,Pacific Place JAKARTA,MOVING,1219
13,2025-08-11 19:19:00,-6.193939,106.823848,41,85.5,57015,3200.8,96,Plaza Indonesia JAKARTA,MOVING,1220
9,2025-08-11 19:39:00,-6.212402,106.845718,0,87.9,71065,4003.4,67,JL Sudirman JAKARTA,PARKED,1217
4,2025-08-11 19:59:00,-6.206668,106.84543,62,86,51090,2955,57,JL Sudirman JAKARTA,MOVING,1215
4,2025-08-11 20:26:00,-6.189685,106.818005,0,85.8,51090,2955.3,56,Setiabudi JAKARTA,PARKED,1215
7,2025-08-12 7:47:00,-6.223641,106.822436,0,84.5,38041,2204.9,64,Kuningan City JAKARTA,PARKED,1216
12,2025-08-12 8:34:00,-6.211297,106.841867,0,94.6,31024,1751.5,90,JL Sudirman JAKARTA,PARKED,1219
9,2025-08-12 9:21:00,-6.224287,106.803484,0,87.8,71065,4003.5,65,Plaza Senayan JAKARTA,PARKED,1217
10,2025-08-12 9:42:00,-6.231899,106.826955,0,90.1,48053,2652.6,74,Kuningan City JAKARTA,PARKED,1218
9,2025-08-12 11:34:00,-6.220885,106.810792,0,87.6,71065,4003.6,64,Pacific Place JAKARTA,PARKED,1217
10,2025-08-12 14:34:00,-6.197431,106.81897,53,89.9,48065,2653,69,Grand Indonesia JAKARTA,MOVING,1218
12,2025-08-12 14:38:00,-6.247983,106.798511,51,94.3,31037,1752,86,Kebayoran Baru JAKARTA,MOVING,1219
12,2025-08-12 15:20:00,-6.191797,106.827728,72,94,31052,1752.5,81,Plaza Indonesia JAKARTA,MOVING,1219
13,2025-08-12 16:26:00,-6.207392,106.842739,0,85.3,57015,3201.1,95,JL Sudirman JAKARTA,PARKED,1220
1,2025-08-12 18:34:00,-6.192924,106.81832,60,88.8,45013,3200.3,98,Setiabudi JAKARTA,MOVING,1221
13,2025-08-12 18:45:00,-6.226902,106.829491,58,85,57029,3201.6,91,Kuningan City JAKARTA,MOVING,1220
13,2025-08-12 19:00:00,-6.223626,106.809518,79,84.6,57035,3202.1,89,Pacific Place JAKARTA,MOVING,1220
1,2025-08-12 20:28:00,-6.243036,106.799772,0,88.7,45013,3200.4,96,Kebayoran Baru JAKARTA,PARKED,1221
10,2025-08-12 20:44:00,-6.24764,106.80092,0,89.7,48065,2653.1,67,Kebayoran Baru JAKARTA,PARKED,1218
7,2025-08-12 20:58:00,-6.190998,106.824572,49,84.2,38056,2205.1,59,Grand Indonesia JAKARTA,MOVING,1216
10,2025-08-13 7:08:00,-6.923593,107.638177,67,89.5,48076,2653.6,62,Trans Studio Mall BANDUNG,MOVING,1218
13,2025-08-13 8:51:00,-6.223901,106.804005,78,84.2,57041,3202.5,84,Plaza Senayan JAKARTA,MOVING,1220
3,2025-08-13 8:52:00,-6.192464,106.823783,79,92.8,42006,2800.3,96,Plaza Indonesia JAKARTA,MOVING,1222
1,2025-08-13 8:56:00,-6.230515,106.803639,0,88.6,45013,3200.7,94,Plaza Senayan JAKARTA,PARKED,1221
1,2025-08-13 11:55:00,-6.228837,106.813063,0,88.4,45013,3201,93,Pacific Place JAKARTA,PARKED,1221
12,2025-08-13 12:22:00,-6.886995,107.605445,40,93.7,31062,1753,78,Cihampelas Walk BANDUNG,MOVING,1219
3,2025-08-13 12:31:00,-6.226993,106.829223,0,92.6,42006,2800.5,94,Kuningan City JAKARTA,PARKED,1222
3,2025-08-13 13:01:00,-6.221034,106.808414,0,92.5,42006,2800.6,93,Pacific Place JAKARTA,PARKED,1222
13,2025-08-13 13:25:00,-6.223456,106.825366,0,84,57041,3202.6,83,Kuningan City JAKARTA,PARKED,1220
10,2025-08-13 13:33:00,-6.904371,107.59519,0,89.4,48076,2653.7,60,JL Pasteur BANDUNG,PARKED,1218
12,2025-08-13 14:26:00,-6.904962,107.588259,0,93.5,31062,1753.2,76,JL Pasteur BANDUNG,PARKED,1219
13,2025-08-13 15:22:00,-6.962388,107.644012,52,83.8,57047,3202.8,80,Bandung Indah Plaza BANDUNG,MOVING,1220
9,2025-08-13 15:32:00,-6.223847,106.796678,78,86.8,71085,4004.2,56,Plaza Senayan JAKARTA,MOVING,1217
10,2025-08-13 15:36:00,-6.926411,107.633865,46,89.1,48084,2654.1,57,Trans Studio Mall BANDUNG,MOVING,1218
9,2025-08-13 15:53:00,-6.206798,106.842335,49,87.2,71070,4003.9,61,JL Sudirman JAKARTA,MOVING,1217
3,2025-08-13 16:16:00,-6.247821,106.798022,0,92.4,42006,2800.9,92,Kebayoran Baru JAKARTA,PARKED,1222
1,2025-08-13 17:41:00,-6.196667,106.818807,0,88.3,45013,3201.2,92,Grand Indonesia JAKARTA,PARKED,1221
10,2025-08-13 18:10:00,-6.925294,107.61328,0,89,48084,2654.4,55,JL Asia Afrika BANDUNG,PARKED,1218
12,2025-08-13 19:18:00,-6.882015,107.579187,71,93.2,31073,1753.5,72,Paris Van Java BANDUNG,MOVING,1219
12,2025-08-13 19:25:00,-6.874561,107.58268,0,93,31073,1753.7,71,Paris Van Java BANDUNG,PARKED,1219
9,2025-08-13 19:46:00,-6.189261,106.819218,73,86.5,71099,4004.4,53,Plaza Indonesia JAKARTA,MOVING,1217
9,2025-08-13 20:26:00,-6.222857,106.827987,0,86.4,71099,4004.7,51,Kuningan City JAKARTA,PARKED,1217
1,2025-08-14 7:19:00,-6.208043,106.84201,0,88.1,45013,3201.3,91,JL Sudirman JAKARTA,PARKED,1221
5,2025-08-14 7:20:00,-6.227239,106.799963,0,93.8,16000,1000.2,99,Plaza Senayan JAKARTA,PARKED,1223
10,2025-08-14 7:27:00,-6.876855,107.573917,0,88.9,48084,2654.7,53,Paris Van Java BANDUNG,PARKED,1218
13,2025-08-14 7:39:00,-6.880474,107.581195,0,83.6,57047,3202.9,79,Paris Van Java BANDUNG,PARKED,1220
1,2025-08-14 8:35:00,-6.19136,106.818559,0,87.9,45013,3201.5,90,Plaza Indonesia JAKARTA,PARKED,1221
3,2025-08-14 9:09:00,-6.195299,106.819766,0,92.3,42006,2801,90,Setiabudi JAKARTA,PARKED,1222
5,2025-08-14 10:00:00,-6.248448,106.800725,55,93.5,16009,1000.6,96,Kebayoran Baru JAKARTA,MOVING,1223
10,2025-08-14 10:05:00,-6.882739,107.580358,0,88.7,48084,2655,51,Paris Van Java BANDUNG,PARKED,1218
12,2025-08-14 10:34:00,-6.92114,107.636306,63,92.6,31082,1754.1,69,Trans Studio Mall BANDUNG,MOVING,1219
10,2025-08-14 14:10:00,-6.916347,107.605747,0,88.6,48084,2655.2,50,Braga Street BANDUNG,PARKED,1218
3,2025-08-14 14:29:00,-6.194555,106.820689,0,92.1,42006,2801.1,88,Grand Indonesia JAKARTA,PARKED,1222
1,2025-08-14 15:39:00,-6.195798,106.824791,0,87.7,45013,3201.7,89,Plaza Indonesia JAKARTA,PARKED,1221
13,2025-08-14 16:12:00,-6.924306,107.638552,51,83.3,57059,3203.3,76,Trans Studio Mall BANDUNG,MOVING,1220
13,2025-08-14 17:05:00,-6.91823,107.609546,0,83.2,57059,3203.4,75,Braga Street BANDUNG,PARKED,1220
10,2025-08-14 17:15:00,-6.916139,107.610136,62,88.3,48096,2655.5,46,Braga Street BANDUNG,MOVING,1218
3,2025-08-14 17:25:00,-6.210463,106.847361,0,91.9,42006,2801.4,87,JL Sudirman JAKARTA,PARKED,1222
12,2025-08-14 17:26:00,-7.260476,112.740907,77,92.3,31090,1754.6,64,Grand City SURABAYA,MOVING,1219
1,2025-08-14 17:29:00,-6.195912,106.825114,0,87.6,45013,3201.8,88,Grand Indonesia JAKARTA,PARKED,1221
12,2025-08-14 18:26:00,-7.247286,112.753173,0,92.2,31090,1754.8,63,Pasar Atom SURABAYA,PARKED,1219
3,2025-08-14 19:40:00,-6.197187,106.819554,0,91.7,42006,2801.6,86,Grand Indonesia JAKARTA,PARKED,1222
3,2025-08-15 7:15:00,-7.285337,112.747554,63,91.4,42016,2801.8,83,JL Darmo SURABAYA,MOVING,1222
5,2025-08-15 9:06:00,-6.221601,106.807753,75,93.1,16020,1000.8,92,Pacific Place JAKARTA,MOVING,1223
1,2025-08-15 9:58:00,-6.22838,106.807417,0,87.4,45013,3202,86,Pacific Place JAKARTA,PARKED,1221
12,2025-08-15 10:49:00,-7.261607,112.751077,0,92,31090,1755,61,JL Tunjungan SURABAYA,PARKED,1219
13,2025-08-15 10:52:00,-6.878139,107.58068,0,83,57059,3203.6,73,Paris Van Java BANDUNG,PARKED,1220
8,2025-08-15 10:58:00,-6.210501,106.841939,71,91.6,32007,1900.5,97,JL Sudirman JAKARTA,MOVING,1224
1,2025-08-15 13:07:00,-6.225649,106.821208,64,87.1,45018,3202.4,84,Kuningan City JAKARTA,MOVING,1221
8,2025-08-15 13:14:00,-6.21335,106.845349,52,91.4,32017,1900.9,94,JL Sudirman JAKARTA,MOVING,1224
5,2025-08-15 14:10:00,-6.192997,106.824631,0,93,16020,1001.1,90,Plaza Indonesia JAKARTA,PARKED,1223
1,2025-08-15 16:14:00,-6.208026,106.845515,0,87,45018,3202.7,83,JL Sudirman JAKARTA,PARKED,1221
3,2025-08-15 16:41:00,-7.292301,112.737956,79,91,42027,2802.3,78,TP Surabaya SURABAYA,MOVING,1222
12,2025-08-15 17:31:00,-7.2888,112.738847,66,91.7,31105,1755.4,56,BG Junction SURABAYA,MOVING,1219
3,2025-08-15 19:13:00,-7.26969,112.739431,0,90.8,42027,2802.6,77,Grand City SURABAYA,PARKED,1222
1,2025-08-15 19:26:00,-6.244148,106.796352,0,86.8,45018,3202.9,81,Kebayoran Baru JAKARTA,PARKED,1221
12,2025-08-15 20:05:00,-7.243138,112.75172,80,91.5,31113,1755.8,54,Pasar Atom SURABAYA,MOVING,1219
13,2025-08-15 20:26:00,-6.876567,107.578687,74,82.7,57065,3203.8,70,Paris Van Java BANDUNG,MOVING,1220
3,2025-08-15 20:55:00,-7.28727,112.735376,0,90.6,42027,2802.8,76,TP Surabaya SURABAYA,PARKED,1222
5,2025-08-16 7:39:00,-6.96793,107.637567,47,92.7,16032,1001.3,88,Bandung Indah Plaza BANDUNG,MOVING,1223
8,2025-08-16 8:27:00,-6.188553,106.82664,0,91.3,32017,1901.2,93,Setiabudi JAKARTA,PARKED,1224
11,2025-08-16 9:59:00,-6.232409,106.825261,0,84.9,89000,4500.3,99,Kuningan City JAKARTA,PARKED,1225
11,2025-08-16 10:38:00,-6.245557,106.804227,51,84.5,89005,4500.7,96,Kebayoran Baru JAKARTA,MOVING,1225
11,2025-08-16 12:45:00,-6.190914,106.821355,57,84.1,89017,4501.1,92,Grand Indonesia JAKARTA,MOVING,1225
1,2025-08-16 13:01:00,-6.225993,106.821762,50,86.3,45037,3203.7,76,Kuningan City JAKARTA,MOVING,1221
13,2025-08-16 13:10:00,-6.876855,107.577476,0,82.6,57065,3203.9,68,Paris Van Java BANDUNG,PARKED,1220
1,2025-08-16 13:13:00,-6.23033,106.800647,47,86.5,45024,3203.4,79,Plaza Senayan JAKARTA,MOVING,1221
8,2025-08-16 13:59:00,-6.209504,106.846715,0,91.2,32017,1901.4,92,JL Sudirman JAKARTA,PARKED,1224
13,2025-08-16 16:06:00,-6.919038,107.612985,0,82.4,57065,3204.2,67,Braga Street BANDUNG,PARKED,1220
3,2025-08-16 16:54:00,-7.292511,112.73506,0,90.4,42027,2803.1,74,Pakuwon Mall SURABAYA,PARKED,1222
8,2025-08-16 17:15:00,-6.196626,106.821674,0,91,32017,1901.6,91,Grand Indonesia JAKARTA,PARKED,1224
5,2025-08-16 18:10:00,-6.904138,107.588178,0,92.5,16032,1001.5,86,JL Pasteur BANDUNG,PARKED,1223
13,2025-08-16 19:12:00,-6.906362,107.593644,0,82.3,57065,3204.4,66,JL Pasteur BANDUNG,PARKED,1220
11,2025-08-16 20:13:00,-6.198089,106.820267,50,83.8,89023,4501.4,88,Setiabudi JAKARTA,MOVING,1225
3,2025-08-16 20:27:00,-7.284317,112.735116,0,90.3,42027,2803.3,73,TP Surabaya SURABAYA,PARKED,1222
1,2025-08-17 9:33:00,-6.189988,106.818106,64,85.9,45048,3204,71,Setiabudi JAKARTA,MOVING,1221
5,2025-08-17 9:45:00,-6.920934,107.607083,0,92.4,16032,1001.8,84,JL Asia Afrika BANDUNG,PARKED,1223
14,2025-08-17 12:12:00,-6.20735,106.849907,0,93.9,29000,1600.3,99,JL Sudirman JAKARTA,PARKED,1226
14,2025-08-17 12:16:00,-6.199054,106.82226,0,93.7,29000,1600.5,98,Grand Indonesia JAKARTA,PARKED,1226
1,2025-08-17 12:35:00,-6.208681,106.845802,0,85.8,45048,3204.1,69,JL Sudirman JAKARTA,PARKED,1221
11,2025-08-17 12:37:00,-6.196817,106.818946,0,83.6,89023,4501.6,87,Plaza Indonesia JAKARTA,PARKED,1225
3,2025-08-17 13:35:00,-6.223282,106.800551,68,89.9,42042,2803.6,69,Plaza Senayan JAKARTA,MOVING,1222
5,2025-08-17 13:39:00,-6.885826,107.610439,0,92.3,16032,1002,82,Cihampelas Walk BANDUNG,PARKED,1223
11,2025-08-17 14:13:00,-6.225903,106.807799,41,83.2,89029,4502.1,83,Pacific Place JAKARTA,MOVING,1225
14,2025-08-17 14:37:00,-6.211574,106.847309,62,93.3,29013,1601,95,JL Sudirman JAKARTA,MOVING,1226
3,2025-08-17 14:53:00,-6.219246,106.809358,57,89.6,42054,2804,65,Pacific Place JAKARTA,MOVING,1222
11,2025-08-17 15:04:00,-6.248764,106.798701,0,83,89029,4502.3,82,Kebayoran Baru JAKARTA,PARKED,1225
1,2025-08-17 15:18:00,-6.195351,106.826,0,85.7,45048,3204.3,67,Setiabudi JAKARTA,PARKED,1221
14,2025-08-17 16:45:00,-6.194123,106.826505,0,93.1,29013,1601.2,93,Plaza Indonesia JAKARTA,PARKED,1226
11,2025-08-17 17:16:00,-6.198636,106.822592,0,82.9,89029,4502.6,81,Plaza Indonesia JAKARTA,PARKED,1225
8,2025-08-17 17:59:00,-6.209824,106.844055,57,90.6,32023,1902,88,JL Sudirman JAKARTA,MOVING,1224
8,2025-08-17 18:30:00,-6.242723,106.803169,68,90.3,32034,1902.3,86,Kebayoran Baru JAKARTA,MOVING,1224
5,2025-08-17 18:45:00,-6.915705,107.6062,0,92.2,16032,1002.3,80,Braga Street BANDUNG,PARKED,1223
8,2025-08-17 18:58:00,-6.22933,106.821424,0,90.2,32034,1902.4,85,Kuningan City JAKARTA,PARKED,1224
3,2025-08-17 19:19:00,-6.1915,106.823143,0,89.4,42054,2804.2,64,Setiabudi JAKARTA,PARKED,1222
11,2025-08-18 7:49:00,-6.19522,106.820779,0,82.8,89029,4502.9,80,Setiabudi JAKARTA,PARKED,1225
8,2025-08-18 8:04:00,-6.195939,106.824072,0,90.1,32034,1902.7,84,Grand Indonesia JAKARTA,PARKED,1224
5,2025-08-18 8:30:00,-6.900664,107.594828,48,91.9,16042,1002.7,75,JL Pasteur BANDUNG,MOVING,1223
14,2025-08-18 9:14:00,-6.194818,106.82106,0,93,29013,1601.4,92,Grand Indonesia JAKARTA,PARKED,1226
5,2025-08-18 9:41:00,-6.923013,107.613724,0,91.7,16042,1002.9,73,JL Asia Afrika BANDUNG,PARKED,1223
3,2025-08-18 10:47:00,-6.207829,106.846238,0,89.2,42054,2804.4,62,JL Sudirman JAKARTA,PARKED,1222
14,2025-08-18 10:51:00,-6.230863,106.7987,0,92.9,29013,1601.6,90,Plaza Senayan JAKARTA,PARKED,1226
15,2025-08-18 11:06:00,-6.207877,106.846841,0,92.9,12000,800.2,98,JL Sudirman JAKARTA,PARKED,1227
3,2025-08-18 11:38:00,-6.243358,106.800851,59,88.9,42061,2804.9,57,Kebayoran Baru JAKARTA,MOVING,1222
11,2025-08-18 11:51:00,-6.194388,106.822381,0,82.6,89029,4503,79,Setiabudi JAKARTA,PARKED,1225
14,2025-08-18 12:02:00,-6.224473,106.827683,0,92.7,29013,1601.9,89,Kuningan City JAKARTA,PARKED,1226
8,2025-08-18 12:09:00,-6.198447,106.825652,0,90,32034,1902.8,83,Grand Indonesia JAKARTA,PARKED,1224
14,2025-08-18 13:27:00,-6.24301,106.803357,72,92.4,29025,1602.2,87,Kebayoran Baru JAKARTA,MOVING,1226
11,2025-08-18 13:54:00,-6.224191,106.801487,0,82.4,89029,4503.1,78,Plaza Senayan JAKARTA,PARKED,1225
5,2025-08-18 16:44:00,-6.893253,107.609982,0,91.6,16042,1003,72,Cihampelas Walk BANDUNG,PARKED,1223
15,2025-08-18 17:58:00,-6.242659,106.803259,0,92.7,12000,800.5,96,Kebayoran Baru JAKARTA,PARKED,1227
11,2025-08-18 18:15:00,-6.227282,106.80585,0,82.3,89029,4503.2,76,Pacific Place JAKARTA,PARKED,1225
15,2025-08-19 7:46:00,-6.189953,106.822243,56,92.5,12005,800.9,92,Setiabudi JAKARTA,MOVING,1227
2,2025-08-19 7:48:00,-6.188522,106.822886,57,90.7,25008,1850.3,98,Setiabudi JAKARTA,MOVING,1228
8,2025-08-19 7:58:00,-6.225212,106.796354,50,89.6,32045,1903.1,81,Plaza Senayan JAKARTA,MOVING,1224
11,2025-08-19 9:02:00,-6.226701,106.799028,67,81.9,89034,4503.7,71,Plaza Senayan JAKARTA,MOVING,1225
5,2025-08-19 9:24:00,-6.969967,107.638051,44,91.2,16050,1003.3,68,Bandung Indah Plaza BANDUNG,MOVING,1223
15,2025-08-19 9:34:00,-6.194503,106.823211,0,92.3,12005,801.1,90,Grand Indonesia JAKARTA,PARKED,1227
15,2025-08-19 10:16:00,-6.226818,106.794795,46,91.9,12012,801.5,85,Plaza Senayan JAKARTA,MOVING,1227
8,2025-08-19 13:31:00,-6.2275,106.830255,0,89.4,32045,1903.3,80,Kuningan City JAKARTA,PARKED,1224
11,2025-08-19 13:59:00,-6.188457,106.823146,0,81.8,89034,4504,69,Setiabudi JAKARTA,PARKED,1225
14,2025-08-19 15:40:00,-6.191183,106.824047,0,92.2,29025,1602.3,86,Grand Indonesia JAKARTA,PARKED,1226
14,2025-08-19 16:20:00,-6.191647,106.822055,66,92,29036,1602.8,82,Grand Indonesia JAKARTA,MOVING,1226
15,2025-08-19 18:07:00,-6.229411,106.824704,0,91.8,12012,801.6,83,Kuningan City JAKARTA,PARKED,1227
5,2025-08-19 18:24:00,-6.904881,107.61384,41,90.9,16063,1003.7,66,Gedung Sate BANDUNG,MOVING,1223
11,2025-08-19 19:20:00,-6.193454,106.819579,0,81.3,89046,4504.6,65,Grand Indonesia JAKARTA,PARKED,1225
11,2025-08-19 19:22:00,-6.190406,106.819289,63,81.5,89046,4504.4,66,Setiabudi JAKARTA,MOVING,1225
5,2025-08-19 19:29:00,-6.891033,107.605305,70,90.7,16070,1004.1,64,Cihampelas Walk BANDUNG,MOVING,1223
2,2025-08-19 19:32:00,-6.192015,106.826867,0,90.5,25008,1850.4,97,Setiabudi JAKARTA,PARKED,1228
8,2025-08-19 19:57:00,-6.209772,106.845582,73,89.2,32051,1903.6,78,JL Sudirman JAKARTA,MOVING,1224
14,2025-08-19 20:27:00,-6.19109,106.824009,0,91.8,29036,1603,81,Grand Indonesia JAKARTA,PARKED,1226
14,2025-08-20 7:34:00,-6.19593,106.820115,0,91.7,29036,1603.3,80,Grand Indonesia JAKARTA,PARKED,1226
8,2025-08-20 7:51:00,-6.206033,106.846549,0,89.1,32051,1903.8,77,JL Sudirman JAKARTA,PARKED,1224
14,2025-08-20 7:57:00,-6.194387,106.819491,0,91.6,29036,1603.5,79,Setiabudi JAKARTA,PARKED,1226
11,2025-08-20 8:02:00,-6.190008,106.826077,0,81.1,89046,4504.7,63,Plaza Indonesia JAKARTA,PARKED,1225
2,2025-08-20 8:15:00,-6.226007,106.806145,0,90.3,25008,1850.7,96,Pacific Place JAKARTA,PARKED,1228
2,2025-08-20 8:18:00,-6.206948,106.846959,0,90.1,25008,1850.8,94,JL Sudirman JAKARTA,PARKED,1228
8,2025-08-20 8:41:00,-6.227972,106.798146,0,88.9,32051,1904,76,Plaza Senayan JAKARTA,PARKED,1224
4,2025-08-20 8:59:00,-6.192881,106.823058,0,97.9,51000,2950.2,99,Setiabudi JAKARTA,PARKED,1229
14,2025-08-20 9:28:00,-6.223084,106.812714,0,91.5,29036,1603.8,78,Pacific Place JAKARTA,PARKED,1226
4,2025-08-20 11:03:00,-6.191982,106.82636,54,97.6,51009,2950.5,97,Setiabudi JAKARTA,MOVING,1229
11,2025-08-20 12:18:00,-6.195133,106.818753,0,81,89046,4504.9,62,Setiabudi JAKARTA,PARKED,1225
15,2025-08-20 14:42:00,-6.197843,106.825296,63,91.4,12018,802.1,79,Plaza Indonesia JAKARTA,MOVING,1227
2,2025-08-20 15:12:00,-6.195752,106.823367,0,90,25008,1851.1,93,Setiabudi JAKARTA,PARKED,1228
15,2025-08-20 16:13:00,-6.192739,106.821434,0,91.3,12018,802.3,78,Plaza Indonesia JAKARTA,PARKED,1227
11,2025-08-20 17:00:00,-6.19431,106.818687,57,80.7,89051,4505.3,58,Grand Indonesia JAKARTA,MOVING,1225
14,2025-08-20 17:39:00,-6.231886,106.828739,0,91.4,29036,1604,76,Kuningan City JAKARTA,PARKED,1226
15,2025-08-20 17:54:00,-6.194979,106.826022,0,91.2,12018,802.6,76,Setiabudi JAKARTA,PARKED,1227
2,2025-08-20 18:55:00,-6.244354,106.804543,0,89.8,25008,1851.4,92,Kebayoran Baru JAKARTA,PARKED,1228
8,2025-08-20 19:51:00,-6.212154,106.846253,40,88.6,32061,1904.4,73,JL Sudirman JAKARTA,MOVING,1224
15,2025-08-20 20:22:00,-6.210268,106.849208,0,91,12018,802.8,75,JL Sudirman JAKARTA,PARKED,1227
15,2025-08-21 8:58:00,-6.229709,106.824048,0,90.8,12018,803.1,73,Kuningan City JAKARTA,PARKED,1227
11,2025-08-21 8:58:00,-6.189242,106.824474,59,80.4,89063,4505.8,54,Plaza Indonesia JAKARTA,MOVING,1225
7,2025-08-21 9:06:00,-6.197476,106.820776,0,90.8,38000,2200.3,97,Setiabudi JAKARTA,PARKED,1230
7,2025-08-21 9:13:00,-6.196972,106.8213,0,90.9,38000,2200.2,98,Plaza Indonesia JAKARTA,PARKED,1230
4,2025-08-21 9:58:00,-6.199585,106.818264,56,97.3,51018,2950.9,92,Grand Indonesia JAKARTA,MOVING,1229
7,2025-08-21 10:30:00,-6.230128,106.798614,0,90.7,38000,2200.5,95,Plaza Senayan JAKARTA,PARKED,1230
14,2025-08-21 11:01:00,-6.196973,106.823099,77,91.2,29049,1604.4,73,Grand Indonesia JAKARTA,MOVING,1226
15,2025-08-21 12:16:00,-6.195811,106.827789,0,90.7,12018,803.4,72,Setiabudi JAKARTA,PARKED,1227
2,2025-08-21 14:26:00,-6.232272,106.822212,0,89.7,25008,1851.5,91,Kuningan City JAKARTA,PARKED,1228
4,2025-08-21 14:39:00,-6.228827,106.811552,49,97,51028,2951.2,87,Pacific Place JAKARTA,MOVING,1229
11,2025-08-21 14:49:00,-6.190542,106.827597,41,80,89072,4506.1,50,Plaza Indonesia JAKARTA,MOVING,1225
11,2025-08-21 15:39:00,-6.21262,106.848154,0,79.8,89072,4506.2,48,JL Sudirman JAKARTA,PARKED,1225
2,2025-08-21 16:01:00,-6.246382,106.803435,79,89.4,25020,1851.9,89,Kebayoran Baru JAKARTA,MOVING,1228
2,2025-08-21 16:26:00,-6.192768,106.825817,0,89.3,25020,1852.1,87,Setiabudi JAKARTA,PARKED,1228
7,2025-08-21 17:47:00,-6.199638,106.826039,80,90.5,38015,2200.9,91,Grand Indonesia JAKARTA,MOVING,1230
11,2025-08-21 18:01:00,-6.196556,106.823193,61,79.5,89084,4506.7,43,Setiabudi JAKARTA,MOVING,1225
4,2025-08-21 18:10:00,-6.211741,106.845285,44,96.6,51037,2951.7,85,JL Sudirman JAKARTA,MOVING,1229
14,2025-08-21 19:59:00,-6.200393,106.824784,62,91,29059,1604.8,70,Grand Indonesia JAKARTA,MOVING,1226
15,2025-08-22 8:55:00,-6.189942,106.827362,41,90.4,12028,803.8,69,Plaza Indonesia JAKARTA,MOVING,1227
14,2025-08-22 9:30:00,-6.22772,106.808893,0,90.8,29059,1605,68,Pacific Place JAKARTA,PARKED,1226
14,2025-08-22 10:34:00,-6.210978,106.844223,0,90.7,29059,1605.2,67,JL Sudirman JAKARTA,PARKED,1226
2,2025-08-22 13:25:00,-6.222353,106.813646,0,89.1,25020,1852.2,86,Pacific Place JAKARTA,PARKED,1228
4,2025-08-22 13:35:00,-6.196953,106.818955,71,96.2,51048,2952.1,83,Grand Indonesia JAKARTA,MOVING,1229
7,2025-08-22 13:37:00,-6.212437,106.842986,58,90.2,38020,2201.3,87,JL Sudirman JAKARTA,MOVING,1230
14,2025-08-22 14:56:00,-6.197723,106.827677,0,90.5,29059,1605.4,66,Plaza Indonesia JAKARTA,PARKED,1226
9,2025-08-22 15:29:00,-6.21934,106.810832,59,85.8,71012,4000.3,98,Pacific Place JAKARTA,MOVING,1231
7,2025-08-22 16:38:00,-6.191264,106.823079,0,90.1,38020,2201.5,85,Plaza Indonesia JAKARTA,PARKED,1230
2,2025-08-22 17:12:00,-6.242859,106.801302,47,88.9,25027,1852.5,84,Kebayoran Baru JAKARTA,MOVING,1228
7,2025-08-22 17:18:00,-6.19087,106.824154,0,90,38020,2201.7,84,Grand Indonesia JAKARTA,PARKED,1230
15,2025-08-22 17:29:00,-6.190337,106.825636,0,90.3,12028,803.9,67,Setiabudi JAKARTA,PARKED,1227
2,2025-08-22 18:34:00,-6.197136,106.819699,0,88.8,25027,1852.7,82,Setiabudi JAKARTA,PARKED,1228
9,2025-08-22 18:41:00,-6.225556,106.824394,66,85.5,71019,4000.5,94,Kuningan City JAKARTA,MOVING,1231
15,2025-08-22 19:00:00,-6.193516,106.818049,0,90.2,12028,804.1,66,Setiabudi JAKARTA,PARKED,1227
9,2025-08-22 19:18:00,-6.225813,106.801896,68,85.1,71028,4000.7,90,Plaza Senayan JAKARTA,MOVING,1231
4,2025-08-22 20:17:00,-6.967066,107.642009,46,95.9,51055,2952.5,80,Bandung Indah Plaza BANDUNG,MOVING,1229
15,2025-08-23 7:18:00,-6.229081,106.822829,59,89.9,12041,804.5,61,Kuningan City JAKARTA,MOVING,1227
9,2025-08-23 8:11:00,-6.19782,106.825953,58,84.8,71041,4001.1,85,Plaza Indonesia JAKARTA,MOVING,1231
2,2025-08-23 9:54:00,-6.224967,106.829206,62,88.6,25038,1852.9,79,Kuningan City JAKARTA,MOVING,1228
7,2025-08-23 9:59:00,-6.228265,106.821043,0,89.8,38020,2201.9,82,Kuningan City JAKARTA,PARKED,1230
4,2025-08-23 11:22:00,-6.922141,107.636458,0,95.8,51055,2952.8,78,Trans Studio Mall BANDUNG,PARKED,1229
4,2025-08-23 13:07:00,-6.919724,107.608505,46,95.4,51061,2953.2,73,Braga Street BANDUNG,MOVING,1229
10,2025-08-23 13:14:00,-6.878507,107.574266,74,92.6,48007,2650.5,98,Paris Van Java BANDUNG,MOVING,1232
7,2025-08-23 14:23:00,-6.230407,106.796581,0,89.7,38020,2202.2,81,Plaza Senayan JAKARTA,PARKED,1230
7,2025-08-23 14:33:00,-6.241094,106.801721,62,89.4,38029,2202.7,77,Kebayoran Baru JAKARTA,MOVING,1230
4,2025-08-23 15:12:00,-6.888923,107.605696,0,95.2,51061,2953.3,72,Cihampelas Walk BANDUNG,PARKED,1229
15,2025-08-23 16:05:00,-6.24259,106.796007,0,89.7,12041,804.7,60,Kebayoran Baru JAKARTA,PARKED,1227
10,2025-08-23 16:33:00,-6.892193,107.607528,0,92.5,48007,2650.8,97,Cihampelas Walk BANDUNG,PARKED,1232
4,2025-08-23 17:00:00,-6.873761,107.579097,0,95,51061,2953.4,70,Paris Van Java BANDUNG,PARKED,1229
9,2025-08-23 17:54:00,-6.189583,106.826848,0,84.6,71041,4001.4,84,Plaza Indonesia JAKARTA,PARKED,1231
10,2025-08-23 18:52:00,-6.905085,107.619339,0,92.4,48007,2650.9,95,Gedung Sate BANDUNG,PARKED,1232
2,2025-08-23 19:07:00,-6.207749,106.84563,0,88.5,25038,1853.2,77,JL Sudirman JAKARTA,PARKED,1228
7,2025-08-23 19:19:00,-6.192979,106.826947,0,89.2,38029,2202.9,75,Setiabudi JAKARTA,PARKED,1230
2,2025-08-23 19:49:00,-6.246121,106.802034,66,88.1,25048,1853.5,75,Kebayoran Baru JAKARTA,MOVING,1228
2,2025-08-23 20:37:00,-6.222897,106.822119,0,88,25048,1853.6,73,Kuningan City JAKARTA,PARKED,1228
10,2025-08-23 20:54:00,-6.882289,107.573599,0,92.2,48007,2651.2,94,Paris Van Java BANDUNG,PARKED,1232
12,2025-08-24 7:07:00,-6.22275,106.799603,66,86.6,31006,1750.4,95,Plaza Senayan JAKARTA,MOVING,1233
10,2025-08-24 7:07:00,-6.904825,107.589071,0,92,48007,2651.4,93,JL Pasteur BANDUNG,PARKED,1232
2,2025-08-24 10:26:00,-6.206999,106.846547,0,87.8,25048,1853.9,72,JL Sudirman JAKARTA,PARKED,1228
2,2025-08-24 11:19:00,-6.188841,106.827033,0,87.7,25048,1854.1,70,Setiabudi JAKARTA,PARKED,1228
12,2025-08-24 11:37:00,-6.192365,106.818691,43,86.4,31021,1750.9,91,Setiabudi JAKARTA,MOVING,1233
2,2025-08-24 11:50:00,-6.231792,106.827433,0,87.5,25048,1854.4,68,Kuningan City JAKARTA,PARKED,1228
4,2025-08-24 12:01:00,-6.924637,107.607631,0,94.8,51061,2953.7,68,JL Asia Afrika BANDUNG,PARKED,1229
9,2025-08-24 13:48:00,-6.247119,106.795485,0,84.5,71041,4001.6,82,Kebayoran Baru JAKARTA,PARKED,1231
9,2025-08-24 14:23:00,-6.194249,106.827123,42,84.1,71046,4001.9,77,Grand Indonesia JAKARTA,MOVING,1231
7,2025-08-24 14:32:00,-6.193142,106.82347,79,89,38037,2203.3,70,Setiabudi JAKARTA,MOVING,1230
7,2025-08-24 15:10:00,-6.245559,106.803103,44,88.7,38042,2203.5,66,Kebayoran Baru JAKARTA,MOVING,1230
10,2025-08-24 15:17:00,-6.916072,107.605409,0,91.9,48007,2651.7,92,Braga Street BANDUNG,PARKED,1232
10,2025-08-24 15:34:00,-6.885432,107.61124,0,91.8,48007,2652,91,Cihampelas Walk BANDUNG,PARKED,1232
9,2025-08-24 15:34:00,-6.193469,106.825168,0,84,71046,4002.1,75,Grand Indonesia JAKARTA,PARKED,1231
12,2025-08-24 16:30:00,-6.246829,106.797157,0,86.3,31021,1751.2,89,Kebayoran Baru JAKARTA,PARKED,1233
2,2025-08-24 19:44:00,-6.222929,106.79793,63,87.2,25058,1854.8,65,Plaza Senayan JAKARTA,MOVING,1228
4,2025-08-24 19:56:00,-6.882766,107.574615,0,94.7,51061,2953.9,67,Paris Van Java BANDUNG,PARKED,1229
4,2025-08-24 20:51:00,-6.90588,107.615727,0,94.5,51061,2954,66,Gedung Sate BANDUNG,PARKED,1229
7,2025-08-25 8:02:00,-6.226582,106.824645,0,88.6,38042,2203.7,64,Kuningan City JAKARTA,PARKED,1230
13,2025-08-25 8:41:00,-6.194674,106.824414,0,88.9,57000,3200.1,98,Grand Indonesia JAKARTA,PARKED,1234
9,2025-08-25 9:51:00,-6.240447,106.796821,0,83.9,71046,4002.2,74,Kebayoran Baru JAKARTA,PARKED,1231
13,2025-08-25 10:03:00,-6.240317,106.799836,0,88.8,57000,3200.3,97,Kebayoran Baru JAKARTA,PARKED,1234
7,2025-08-25 10:27:00,-6.198445,106.822805,0,88.4,38042,2203.9,62,Grand Indonesia JAKARTA,PARKED,1230
4,2025-08-25 11:40:00,-6.903401,107.616886,0,94.3,51061,2954.3,65,Gedung Sate BANDUNG,PARKED,1229
12,2025-08-25 12:10:00,-6.188981,106.826377,0,86.1,31021,1751.4,88,Plaza Indonesia JAKARTA,PARKED,1233
7,2025-08-25 13:29:00,-6.200485,106.821293,0,88.3,38042,2204,60,Grand Indonesia JAKARTA,PARKED,1230
9,2025-08-25 13:40:00,-6.191914,106.822689,42,83.7,71056,4002.6,71,Grand Indonesia JAKARTA,MOVING,1231
12,2025-08-25 14:05:00,-6.22349,106.807657,0,85.8,31021,1751.7,85,Pacific Place JAKARTA,PARKED,1233
12,2025-08-25 14:40:00,-6.230377,106.830139,0,86,31021,1751.6,87,Kuningan City JAKARTA,PARKED,1233
9,2025-08-25 15:28:00,-6.228994,106.821349,0,83.5,71056,4002.8,70,Kuningan City JAKARTA,PARKED,1231
10,2025-08-25 16:00:00,-6.922267,107.611936,74,91.6,48015,2652.3,89,JL Asia Afrika BANDUNG,MOVING,1232
10,2025-08-25 17:51:00,-6.967583,107.636485,0,91.5,48015,2652.5,87,Bandung Indah Plaza BANDUNG,PARKED,1232
4,2025-08-25 18:52:00,-6.906882,107.620354,0,94.2,51061,2954.5,64,Gedung Sate BANDUNG,PARKED,1229
13,2025-08-25 20:10:00,-6.246515,106.803107,63,88.6,57011,3200.6,93,Kebayoran Baru JAKARTA,MOVING,1234
4,2025-08-25 20:21:00,-6.874852,107.574318,0,94.1,51061,2954.8,63,Paris Van Java BANDUNG,PARKED,1229
13,2025-08-26 7:05:00,-6.229371,106.830196,0,88.5,57011,3200.9,92,Kuningan City JAKARTA,PARKED,1234
10,2025-08-26 7:12:00,-6.89234,107.612364,0,91.3,48015,2652.7,86,Cihampelas Walk BANDUNG,PARKED,1232
12,2025-08-26 7:30:00,-6.205274,106.849276,54,85.5,31029,1752,83,JL Sudirman JAKARTA,MOVING,1233
9,2025-08-26 7:33:00,-6.198024,106.825973,71,83.2,71067,4003.2,67,Grand Indonesia JAKARTA,MOVING,1231
13,2025-08-26 9:05:00,-6.195042,106.822119,0,88.4,57011,3201.2,90,Setiabudi JAKARTA,PARKED,1234
13,2025-08-26 13:28:00,-6.226532,106.813979,54,88.1,57018,3201.5,85,Pacific Place JAKARTA,MOVING,1234
9,2025-08-26 15:26:00,-7.251972,112.754297,51,82.9,71077,4003.5,65,Pasar Atom SURABAYA,MOVING,1231
10,2025-08-26 16:39:00,-6.92049,107.612984,0,91.2,48015,2653,84,JL Asia Afrika BANDUNG,PARKED,1232
9,2025-08-26 16:48:00,-7.267936,112.737821,44,82.6,71083,4003.8,60,Grand City SURABAYA,MOVING,1231
1,2025-08-26 17:02:00,-6.189063,106.819211,0,91.9,45000,3200.1,98,Setiabudi JAKARTA,PARKED,1235
10,2025-08-26 17:17:00,-6.924514,107.633602,0,91.1,48015,2653.2,82,Trans Studio Mall BANDUNG,PARKED,1232
1,2025-08-26 19:08:00,-6.212576,106.847611,0,91.8,45000,3200.4,97,JL Sudirman JAKARTA,PARKED,1235
13,2025-08-26 19:13:00,-6.223207,106.800355,0,87.9,57018,3201.7,83,Plaza Senayan JAKARTA,PARKED,1234
10,2025-08-26 19:15:00,-6.92,107.609089,0,90.9,48015,2653.4,80,JL Asia Afrika BANDUNG,PARKED,1232
7,2025-08-26 19:16:00,-6.230771,106.825844,0,87.8,38057,2204.3,57,Kuningan City JAKARTA,PARKED,1230
7,2025-08-26 19:27:00,-6.222516,106.811343,51,87.9,38057,2204.2,58,Pacific Place JAKARTA,MOVING,1230
12,2025-08-26 19:47:00,-6.23043,106.800468,68,85.2,31035,1752.3,78,Plaza Senayan JAKARTA,MOVING,1233
3,2025-08-27 8:09:00,-6.189891,106.827171,0,92.9,42000,2800.1,99,Plaza Indonesia JAKARTA,PARKED,1236
13,2025-08-27 10:22:00,-6.205471,106.845809,0,87.8,57018,3201.9,82,JL Sudirman JAKARTA,PARKED,1234
10,2025-08-27 10:31:00,-6.965169,107.637706,76,90.7,48024,2653.6,76,Bandung Indah Plaza BANDUNG,MOVING,1232
1,2025-08-27 13:04:00,-6.195179,106.818589,0,91.6,45000,3200.7,95,Setiabudi JAKARTA,PARKED,1235
1,2025-08-27 13:39:00,-6.228285,106.812547,0,91.4,45000,3200.9,94,Pacific Place JAKARTA,PARKED,1235
12,2025-08-27 13:48:00,-6.212138,106.8422,0,85,31035,1752.5,76,JL Sudirman JAKARTA,PARKED,1233
1,2025-08-27 13:53:00,-6.22812,106.799948,0,91.2,45000,3201,93,Plaza Senayan JAKARTA,PARKED,1235
3,2025-08-27 13:55:00,-6.223516,106.8231,0,92.8,42000,2800.2,97,Kuningan City JAKARTA,PARKED,1236
12,2025-08-27 14:24:00,-6.191637,106.81916,0,84.9,31035,1752.6,75,Setiabudi JAKARTA,PARKED,1233
3,2025-08-27 14:47:00,-6.196253,106.821496,0,92.7,42000,2800.5,95,Setiabudi JAKARTA,PARKED,1236
13,2025-08-27 16:06:00,-6.228229,106.80107,0,87.6,57018,3202.2,81,Plaza Senayan JAKARTA,PARKED,1234
10,2025-08-27 16:35:00,-6.891004,107.606039,0,90.6,48024,2653.8,74,Cihampelas Walk BANDUNG,PARKED,1232
9,2025-08-27 16:50:00,-7.283937,112.754132,0,82.5,71083,4004,58,JL Darmo SURABAYA,PARKED,1231
9,2025-08-27 17:55:00,-7.292581,112.730827,0,82.3,71083,4004.1,57,BG Junction SURABAYA,PARKED,1231
1,2025-08-27 19:00:00,-6.226909,106.806359,0,91,45000,3201.2,91,Pacific Place JAKARTA,PARKED,1235
13,2025-08-28 7:53:00,-6.194544,106.820364,0,87.4,57018,3202.4,80,Plaza Indonesia JAKARTA,PARKED,1234
1,2025-08-28 8:46:00,-6.190989,106.823735,0,90.9,45000,3201.3,89,Plaza Indonesia JAKARTA,PARKED,1235
12,2025-08-28 9:20:00,-6.190158,106.823784,0,84.8,31035,1752.8,73,Setiabudi JAKARTA,PARKED,1233
10,2025-08-28 10:17:00,-6.924368,107.605957,0,90.5,48024,2654.1,73,JL Asia Afrika BANDUNG,PARKED,1232
5,2025-08-28 10:57:00,-6.192752,106.825302,0,95.8,16000,1000.1,98,Plaza Indonesia JAKARTA,PARKED,1237
5,2025-08-28 14:13:00,-6.227906,106.807615,0,95.7,16000,1000.4,96,Pacific Place JAKARTA,PARKED,1237
12,2025-08-28 15:18:00,-6.227298,106.800023,0,84.6,31035,1753.1,72,Plaza Senayan JAKARTA,PARKED,1233
1,2025-08-28 16:20:00,-6.227289,106.798764,0,90.6,45000,3201.8,86,Plaza Senayan JAKARTA,PARKED,1235
1,2025-08-28 16:46:00,-6.195321,106.824589,0,90.8,45000,3201.6,87,Grand Indonesia JAKARTA,PARKED,1235
3,2025-08-28 17:31:00,-6.192953,106.824127,0,92.5,42000,2800.6,94,Plaza Indonesia JAKARTA,PARKED,1236
10,2025-08-28 17:31:00,-6.885211,107.607924,40,90.2,48032,2654.4,68,Cihampelas Walk BANDUNG,MOVING,1232
3,2025-08-28 18:44:00,-6.206689,106.843244,0,92.4,42000,2800.8,92,JL Sudirman JAKARTA,PARKED,1236
13,2025-08-28 19:49:00,-6.900065,107.592042,41,87.2,57027,3202.8,77,JL Pasteur BANDUNG,MOVING,1234
13,2025-08-28 20:29:00,-6.913418,107.611903,0,87.1,57027,3203,76,Braga Street BANDUNG,PARKED,1234
10,2025-08-28 20:37:00,-6.917977,107.611851,60,89.9,48039,2654.9,65,JL Asia Afrika BANDUNG,MOVING,1232
13,2025-08-29 8:49:00,-6.970741,107.644543,0,86.6,57034,3203.7,69,Bandung Indah Plaza BANDUNG,PARKED,1234
13,2025-08-29 8:52:00,-6.915508,107.606682,58,86.8,57034,3203.4,71,Braga Street BANDUNG,MOVING,1234
5,2025-08-29 9:02:00,-6.197297,106.825918,0,95.5,16000,1000.7,94,Grand Indonesia JAKARTA,PARKED,1237
12,2025-08-29 9:58:00,-6.227625,106.82511,0,84.5,31035,1753.2,70,Kuningan City JAKARTA,PARKED,1233
5,2025-08-29 10:15:00,-6.223541,106.805724,0,95.3,16000,1001,93,Pacific Place JAKARTA,PARKED,1237
3,2025-08-29 10:24:00,-6.225029,106.796493,0,92.3,42000,2801,90,Plaza Senayan JAKARTA,PARKED,1236
8,2025-08-29 11:54:00,-6.243742,106.796674,42,84.8,32008,1900.5,97,Kebayoran Baru JAKARTA,MOVING,1238
1,2025-08-29 12:50:00,-6.224671,106.811691,0,90.5,45000,3202,84,Pacific Place JAKARTA,PARKED,1235
12,2025-08-29 14:13:00,-6.208903,106.847797,71,84.3,31045,1753.4,68,JL Sudirman JAKARTA,MOVING,1233
3,2025-08-29 16:39:00,-6.208497,106.849213,0,92.1,42000,2801.1,89,JL Sudirman JAKARTA,PARKED,1236
1,2025-08-29 18:26:00,-6.204112,106.841297,0,90.4,45000,3202.3,82,JL Sudirman JAKARTA,PARKED,1235
3,2025-08-29 18:47:00,-6.196842,106.82387,61,91.9,42009,2801.5,87,Grand Indonesia JAKARTA,MOVING,1236
8,2025-08-29 18:53:00,-6.205518,106.846177,72,84.5,32015,1900.7,95,JL Sudirman JAKARTA,MOVING,1238
12,2025-08-29 19:16:00,-6.19912,106.823963,0,84.2,31045,1753.5,67,Grand Indonesia JAKARTA,PARKED,1233
5,2025-08-29 19:25:00,-6.224833,106.827526,64,95,16005,1001.4,91,Kuningan City JAKARTA,MOVING,1237
8,2025-08-29 19:26:00,-6.244743,106.801546,55,84.2,32020,1901,91,Kebayoran Baru JAKARTA,MOVING,1238
3,2025-08-29 20:21:00,-6.19822,106.827347,72,91.7,42016,2802,84,Setiabudi JAKARTA,MOVING,1236
8,2025-08-29 20:51:00,-6.206408,106.842901,0,84.1,32020,1901.1,89,JL Sudirman JAKARTA,PARKED,1238
3,2025-08-30 7:05:00,-6.228694,106.827877,78,91.5,42021,2802.4,79,Kuningan City JAKARTA,MOVING,1236
1,2025-08-30 7:18:00,-6.230023,106.82495,0,90.2,45000,3202.6,81,Kuningan City JAKARTA,PARKED,1235
8,2025-08-30 8:19:00,-6.227173,106.795241,0,83.9,32020,1901.4,87,Plaza Senayan JAKARTA,PARKED,1238
13,2025-08-30 8:41:00,-6.879073,107.57849,71,86.3,57047,3204.1,66,Paris Van Java BANDUNG,MOVING,1234
13,2025-08-30 8:53:00,-6.896997,107.594775,0,86.2,57047,3204.2,64,JL Pasteur BANDUNG,PARKED,1234
1,2025-08-30 9:54:00,-6.191169,106.820372,60,89.8,45009,3203.1,77,Plaza Indonesia JAKARTA,MOVING,1235
8,2025-08-30 9:59:00,-6.24796,106.799474,0,83.7,32020,1901.7,85,Kebayoran Baru JAKARTA,PARKED,1238
3,2025-08-30 10:27:00,-6.225345,106.801469,0,91.4,42021,2802.6,78,Plaza Senayan JAKARTA,PARKED,1236
8,2025-08-30 10:31:00,-6.240898,106.795906,0,83.6,32020,1901.9,83,Kebayoran Baru JAKARTA,PARKED,1238
1,2025-08-30 11:08:00,-6.220712,106.812439,80,89.6,45024,3203.3,73,Pacific Place JAKARTA,MOVING,1235
11,2025-08-30 11:09:00,-6.191413,106.820369,0,90.8,89000,4500.2,98,Setiabudi JAKARTA,PARKED,1239
3,2025-08-30 11:41:00,-6.227574,106.803357,0,91.2,42021,2802.8,77,Plaza Senayan JAKARTA,PARKED,1236
11,2025-08-30 11:41:00,-6.204206,106.844371,56,90.4,89013,4500.5,93,JL Sudirman JAKARTA,MOVING,1239
5,2025-08-30 11:44:00,-6.212919,106.846705,0,94.8,16005,1001.6,90,JL Sudirman JAKARTA,PARKED,1237
11,2025-08-30 13:26:00,-6.229557,106.803521,63,90,89025,4500.7,90,Plaza Senayan JAKARTA,MOVING,1239
1,2025-08-30 13:50:00,-6.232061,106.829267,47,89.3,45039,3203.5,69,Kuningan City JAKARTA,MOVING,1235
5,2025-08-30 14:58:00,-6.22282,106.794257,0,94.7,16005,1001.7,88,Plaza Senayan JAKARTA,PARKED,1237
8,2025-08-30 15:28:00,-6.223874,106.795971,0,83.4,32020,1902,81,Plaza Senayan JAKARTA,PARKED,1238
13,2025-08-30 15:39:00,-6.887493,107.606816,40,85.6,57069,3205,56,Cihampelas Walk BANDUNG,MOVING,1234
13,2025-08-30 15:40:00,-6.900874,107.614759,43,85.8,57058,3204.6,59,Gedung Sate BANDUNG,MOVING,1234
5,2025-08-30 17:24:00,-6.196593,106.822501,0,94.5,16005,1001.8,87,Setiabudi JAKARTA,PARKED,1237
5,2025-08-30 18:15:00,-6.225001,106.823187,0,94.3,16005,1002,86,Kuningan City JAKARTA,PARKED,1237
14,2025-08-31 7:09:00,-6.219899,106.811312,0,88.8,29000,1600.1,99,Pacific Place JAKARTA,PARKED,1240
8,2025-08-31 7:09:00,-6.196198,106.825942,0,83.3,32020,1902.2,79,Grand Indonesia JAKARTA,PARKED,1238
1,2025-08-31 7:45:00,-6.230622,106.82776,0,89.2,45039,3203.8,68,Kuningan City JAKARTA,PARKED,1235
3,2025-08-31 8:29:00,-6.228626,106.805577,0,91.1,42021,2803.1,75,Pacific Place JAKARTA,PARKED,1236
11,2025-08-31 8:43:00,-6.223864,106.800233,0,89.9,89025,4500.9,88,Plaza Senayan JAKARTA,PARKED,1239
5,2025-08-31 9:23:00,-6.194892,106.826986,73,93.9,16013,1002.4,83,Plaza Indonesia JAKARTA,MOVING,1237
14,2025-08-31 9:45:00,-6.19746,106.821429,62,88.6,29006,1600.4,96,Setiabudi JAKARTA,MOVING,1240
11,2025-08-31 10:21:00,-6.212257,106.847864,0,89.7,89025,4501,86,JL Sudirman JAKARTA,PARKED,1239
1,2025-08-31 11:03:00,-6.19709,106.818669,45,89,45044,3204.2,63,Grand Indonesia JAKARTA,MOVING,1235
3,2025-08-31 12:25:00,-6.192692,106.8231,0,90.9,42021,2803.4,74,Grand Indonesia JAKARTA,PARKED,1236
1,2025-08-31 16:21:00,-6.222742,106.794165,64,88.8,45052,3204.5,58,Plaza Senayan JAKARTA,MOVING,1235
5,2025-08-31 16:40:00,-6.229619,106.829022,0,93.7,16013,1002.6,82,Kuningan City JAKARTA,PARKED,1237
8,2025-08-31 17:10:00,-6.190419,106.825133,47,82.9,32033,1902.7,77,Setiabudi JAKARTA,MOVING,1238
3,2025-08-31 17:25:00,-6.192433,106.827166,0,90.8,42021,2803.6,73,Plaza Indonesia JAKARTA,PARKED,1236
14,2025-08-31 17:26:00,-6.19075,106.826051,75,88.4,29013,1600.8,91,Plaza Indonesia JAKARTA,MOVING,1240
5,2025-08-31 18:19:00,-6.189952,106.822314,0,93.5,16013,1002.8,80,Setiabudi JAKARTA,PARKED,1237
5,2025-08-31 18:31:00,-6.195103,106.819568,0,93.4,16013,1003,78,Plaza Indonesia JAKARTA,PARKED,1237